{
  "x_offset": 1.3489831556057803,
  "y_offset": 1.2114579893374353,
  "resolution": 0.02
}